ident,name,point_type,region,lat,lon,source,provider,effective_date,source_url,validation_status,source_page,page_effective_date
AKUMU,AKUMU,SIGNIFICANT_POINT,KENYA / NAIROBI FIR,-1.0083055556,34.0265500000,AIP,KCAA,2026-03-19,KCAA e-AIP ENR 4.4 (authenticated portal),AIP_EXTRACTED,138,15 MAY 2025
ALEMU,ALEMU,SIGNIFICANT_POINT,KENYA / NAIROBI FIR,3.9969611111,39.6675972222,AIP,KCAA,2026-03-19,KCAA e-AIP ENR 4.4 (authenticated portal),AIP_EXTRACTED,138,15 MAY 2025
ALKON,ALKON,SIGNIFICANT_POINT,KENYA / NAIROBI FIR,-0.4333333333,33.9666666667,AIP,KCAA,2026-03-19,KCAA e-AIP ENR 4.4 (authenticated portal),AIP_EXTRACTED,138,15 MAY 2025
AMSAD,AMSAD,SIGNIFICANT_POINT,KENYA / NAIROBI FIR,-6.2218333333,43.9935083333,AIP,KCAA,2026-03-19,KCAA e-AIP ENR 4.4 (authenticated portal),AIP_EXTRACTED,138,15 MAY 2025
ANTAX,ANTAX,SIGNIFICANT_POINT,KENYA / NAIROBI FIR,4.0000000000,35.3800000000,AIP,KCAA,2026-03-19,KCAA e-AIP ENR 4.4 (authenticated portal),AIP_EXTRACTED,138,15 MAY 2025
ANTON,ANTON,SIGNIFICANT_POINT,KENYA / NAIROBI FIR,-1.3660861111,36.8636944444,AIP,KCAA,2026-03-19,KCAA e-AIP ENR 4.4 (authenticated portal),AIP_EXTRACTED,138,15 MAY 2025
ANTUK,ANTUK,SIGNIFICANT_POINT,KENYA / NAIROBI FIR,-1.3807527778,36.8436555556,AIP,KCAA,2026-03-19,KCAA e-AIP ENR 4.4 (authenticated portal),AIP_EXTRACTED,138,15 MAY 2025
ANVET,ANVET,SIGNIFICANT_POINT,KENYA / NAIROBI FIR,-3.1874583333,44.0000000000,AIP,KCAA,2026-03-19,KCAA e-AIP ENR 4.4 (authenticated portal),AIP_EXTRACTED,138,15 MAY 2025
ANVIV,ANVIV,SIGNIFICANT_POINT,KENYA / NAIROBI FIR,-1.4977722222,36.2853805556,AIP,KCAA,2026-03-19,KCAA e-AIP ENR 4.4 (authenticated portal),AIP_EXTRACTED,138,15 MAY 2025
ANVOX,ANVOX,SIGNIFICANT_POINT,KENYA / NAIROBI FIR,-2.7260361111,36.1628138889,AIP,KCAA,2026-03-19,KCAA e-AIP ENR 4.4 (authenticated portal),AIP_EXTRACTED,138,15 MAY 2025
APDIK,APDIK,SIGNIFICANT_POINT,KENYA / NAIROBI FIR,-2.4702750000,36.6754861111,AIP,KCAA,2026-03-19,KCAA e-AIP ENR 4.4 (authenticated portal),AIP_EXTRACTED,138,15 MAY 2025
APDUS,APDUS,SIGNIFICANT_POINT,KENYA / NAIROBI FIR,-1.1383333333,37.1750000000,AIP,KCAA,2026-03-19,KCAA e-AIP ENR 4.4 (authenticated portal),AIP_EXTRACTED,138,15 MAY 2025
APGEM,APGEM,SIGNIFICANT_POINT,KENYA / NAIROBI FIR,4.2058333333,34.3236111111,AIP,KCAA,2026-03-19,KCAA e-AIP ENR 4.4 (authenticated portal),AIP_EXTRACTED,138,15 MAY 2025
APGEP,APGEP,SIGNIFICANT_POINT,KENYA / NAIROBI FIR,-0.5807361111,36.3768472222,AIP,KCAA,2026-03-19,KCAA e-AIP ENR 4.4 (authenticated portal),AIP_EXTRACTED,138,15 MAY 2025
APGIG,APGIG,SIGNIFICANT_POINT,KENYA / NAIROBI FIR,-0.2377777778,36.9616666667,AIP,KCAA,2026-03-19,KCAA e-AIP ENR 4.4 (authenticated portal),AIP_EXTRACTED,138,15 MAY 2025
APGOG,APGOG,SIGNIFICANT_POINT,KENYA / NAIROBI FIR,-2.4641666667,40.9077777778,AIP,KCAA,2026-03-19,KCAA e-AIP ENR 4.4 (authenticated portal),AIP_EXTRACTED,138,15 MAY 2025
APKEM,APKEM,SIGNIFICANT_POINT,KENYA / NAIROBI FIR,1.9416666667,40.0525000000,AIP,KCAA,2026-03-19,KCAA e-AIP ENR 4.4 (authenticated portal),AIP_EXTRACTED,138,15 MAY 2025
APKUB,APKUB,SIGNIFICANT_POINT,KENYA / NAIROBI FIR,-1.0956638889,36.1453361111,AIP,KCAA,2026-03-19,KCAA e-AIP ENR 4.4 (authenticated portal),AIP_EXTRACTED,138,15 MAY 2025
APLOG,APLOG,SIGNIFICANT_POINT,KENYA / NAIROBI FIR,-1.5017638889,34.9210555556,AIP,KCAA,2026-03-19,KCAA e-AIP ENR 4.4 (authenticated portal),AIP_EXTRACTED,138,15 MAY 2025
APLOP,APLOP,SIGNIFICANT_POINT,KENYA / NAIROBI FIR,-3.4098416667,40.1383305556,AIP,KCAA,2026-03-19,KCAA e-AIP ENR 4.4 (authenticated portal),AIP_EXTRACTED,138,15 MAY 2025
APMAV,APMAV,SIGNIFICANT_POINT,KENYA / NAIROBI FIR,-2.2459138889,37.3291416667,AIP,KCAA,2026-03-19,KCAA e-AIP ENR 4.4 (authenticated portal),AIP_EXTRACTED,138,15 MAY 2025
APMES,APMES,SIGNIFICANT_POINT,KENYA / NAIROBI FIR,-0.5211111111,35.5075000000,AIP,KCAA,2026-03-19,KCAA e-AIP ENR 4.4 (authenticated portal),AIP_EXTRACTED,138,15 MAY 2025
APNEX,APNEX,SIGNIFICANT_POINT,KENYA / NAIROBI FIR,1.9955388889,40.9859305556,AIP,KCAA,2026-03-19,KCAA e-AIP ENR 4.4 (authenticated portal),AIP_EXTRACTED,138,15 MAY 2025
APNOM,APNOM,SIGNIFICANT_POINT,KENYA / NAIROBI FIR,-1.5171666667,36.8269694444,AIP,KCAA,2026-03-19,KCAA e-AIP ENR 4.4 (authenticated portal),AIP_EXTRACTED,138,15 MAY 2025
APRAK,APRAK,SIGNIFICANT_POINT,KENYA / NAIROBI FIR,-1.3852777778,35.2963888889,AIP,KCAA,2026-03-19,KCAA e-AIP ENR 4.4 (authenticated portal),AIP_EXTRACTED,138,15 MAY 2025
ASOLE,ASOLE,SIGNIFICANT_POINT,KENYA / NAIROBI FIR,-3.6097833333,38.0269611111,AIP,KCAA,2026-03-19,KCAA e-AIP ENR 4.4 (authenticated portal),AIP_EXTRACTED,138,15 MAY 2025
ATUDU,ATUDU,SIGNIFICANT_POINT,KENYA / NAIROBI FIR,-1.2787083333,37.1530611111,AIP,KCAA,2026-03-19,KCAA e-AIP ENR 4.4 (authenticated portal),AIP_EXTRACTED,138,15 MAY 2025
ATUTA,ATUTA,SIGNIFICANT_POINT,KENYA / NAIROBI FIR,-2.1041416667,37.4231861111,AIP,KCAA,2026-03-19,KCAA e-AIP ENR 4.4 (authenticated portal),AIP_EXTRACTED,138,15 MAY 2025
AVAGI,AVAGI,SIGNIFICANT_POINT,KENYA / NAIROBI FIR,4.0000000000,35.4326611111,AIP,KCAA,2026-03-19,KCAA e-AIP ENR 4.4 (authenticated portal),AIP_EXTRACTED,138,15 MAY 2025
AVAVO,AVAVO,SIGNIFICANT_POINT,KENYA / NAIROBI FIR,1.5238888889,40.1305555556,AIP,KCAA,2026-03-19,KCAA e-AIP ENR 4.4 (authenticated portal),AIP_EXTRACTED,138,15 MAY 2025
AVEDI,AVEDI,SIGNIFICANT_POINT,KENYA / NAIROBI FIR,3.9969694444,40.5222472222,AIP,KCAA,2026-03-19,KCAA e-AIP ENR 4.4 (authenticated portal),AIP_EXTRACTED,138,15 MAY 2025
AVENA,AVENA,SIGNIFICANT_POINT,KENYA / NAIROBI FIR,-1.0886111111,37.1433333333,AIP,KCAA,2026-03-19,KCAA e-AIP ENR 4.4 (authenticated portal),AIP_EXTRACTED,138,15 MAY 2025
AVESO,AVESO,SIGNIFICANT_POINT,KENYA / NAIROBI FIR,0.9655166667,39.5374361111,AIP,KCAA,2026-03-19,KCAA e-AIP ENR 4.4 (authenticated portal),AIP_EXTRACTED,138,15 MAY 2025
AVIGO,AVIGO,SIGNIFICANT_POINT,KENYA / NAIROBI FIR,-5.5701500000,40.9126416667,AIP,KCAA,2026-03-19,KCAA e-AIP ENR 4.4 (authenticated portal),AIP_EXTRACTED,138,15 MAY 2025
AVOBA,AVOBA,SIGNIFICANT_POINT,KENYA / NAIROBI FIR,-0.0758333333,34.7475000000,AIP,KCAA,2026-03-19,KCAA e-AIP ENR 4.4 (authenticated portal),AIP_EXTRACTED,138,15 MAY 2025
AVOMO,AVOMO,SIGNIFICANT_POINT,KENYA / NAIROBI FIR,-0.2350000000,36.7294444444,AIP,KCAA,2026-03-19,KCAA e-AIP ENR 4.4 (authenticated portal),AIP_EXTRACTED,138,15 MAY 2025
AVUDU,AVUDU,SIGNIFICANT_POINT,KENYA / NAIROBI FIR,-2.8484666667,40.7052388889,AIP,KCAA,2026-03-19,KCAA e-AIP ENR 4.4 (authenticated portal),AIP_EXTRACTED,138,15 MAY 2025
AVUNO,AVUNO,SIGNIFICANT_POINT,KENYA / NAIROBI FIR,-3.5329805556,37.7508583333,AIP,KCAA,2026-03-19,KCAA e-AIP ENR 4.4 (authenticated portal),AIP_EXTRACTED,138,15 MAY 2025
AXIVI,AXIVI,SIGNIFICANT_POINT,KENYA / NAIROBI FIR,-3.5083305556,40.1582944444,AIP,KCAA,2026-03-19,KCAA e-AIP ENR 4.4 (authenticated portal),AIP_EXTRACTED,138,15 MAY 2025
AXODU,AXODU,SIGNIFICANT_POINT,KENYA / NAIROBI FIR,3.9844444444,34.2030555556,AIP,KCAA,2026-03-19,KCAA e-AIP ENR 4.4 (authenticated portal),AIP_EXTRACTED,138,15 MAY 2025
AXOLU,AXOLU,SIGNIFICANT_POINT,KENYA / NAIROBI FIR,-2.1272222222,40.7383333333,AIP,KCAA,2026-03-19,KCAA e-AIP ENR 4.4 (authenticated portal),AIP_EXTRACTED,138,15 MAY 2025
AXOPO,AXOPO,SIGNIFICANT_POINT,KENYA / NAIROBI FIR,4.1480555556,34.5486111111,AIP,KCAA,2026-03-19,KCAA e-AIP ENR 4.4 (authenticated portal),AIP_EXTRACTED,139,15 MAY 2025
AXURA,AXURA,SIGNIFICANT_POINT,KENYA / NAIROBI FIR,-0.2291666667,34.4616666667,AIP,KCAA,2026-03-19,KCAA e-AIP ENR 4.4 (authenticated portal),AIP_EXTRACTED,139,15 MAY 2025
BENDU,BENDU,SIGNIFICANT_POINT,KENYA / NAIROBI FIR,0.0168222222,35.8564472222,AIP,KCAA,2026-03-19,KCAA e-AIP ENR 4.4 (authenticated portal),AIP_EXTRACTED,139,15 MAY 2025
DESRA,DESRA,SIGNIFICANT_POINT,KENYA / NAIROBI FIR,-2.0468250000,41.4597055556,AIP,KCAA,2026-03-19,KCAA e-AIP ENR 4.4 (authenticated portal),AIP_EXTRACTED,139,15 MAY 2025
DUDKI,DUDKI,SIGNIFICANT_POINT,KENYA / NAIROBI FIR,0.2978027778,34.0476583333,AIP,KCAA,2026-03-19,KCAA e-AIP ENR 4.4 (authenticated portal),AIP_EXTRACTED,139,15 MAY 2025
DUNLI,DUNLI,SIGNIFICANT_POINT,KENYA / NAIROBI FIR,2.5680555556,40.2425000000,AIP,KCAA,2026-03-19,KCAA e-AIP ENR 4.4 (authenticated portal),AIP_EXTRACTED,139,15 MAY 2025
DUVRA,DUVRA,SIGNIFICANT_POINT,KENYA / NAIROBI FIR,1.8483333333,39.9144444444,AIP,KCAA,2026-03-19,KCAA e-AIP ENR 4.4 (authenticated portal),AIP_EXTRACTED,139,15 MAY 2025
EGMUK,EGMUK,SIGNIFICANT_POINT,KENYA / NAIROBI FIR,-3.8772222222,39.7972222222,AIP,KCAA,2026-03-19,KCAA e-AIP ENR 4.4 (authenticated portal),AIP_EXTRACTED,139,15 MAY 2025
EGMUX,EGMUX,SIGNIFICANT_POINT,KENYA / NAIROBI FIR,4.2008333333,34.3727777778,AIP,KCAA,2026-03-19,KCAA e-AIP ENR 4.4 (authenticated portal),AIP_EXTRACTED,139,15 MAY 2025
EGNAV,EGNAV,SIGNIFICANT_POINT,KENYA / NAIROBI FIR,-3.1347222222,40.0825000000,AIP,KCAA,2026-03-19,KCAA e-AIP ENR 4.4 (authenticated portal),AIP_EXTRACTED,139,15 MAY 2025
EGNIT,EGNIT,SIGNIFICANT_POINT,KENYA / NAIROBI FIR,-0.3291666667,36.9205555556,AIP,KCAA,2026-03-19,KCAA e-AIP ENR 4.4 (authenticated portal),AIP_EXTRACTED,139,15 MAY 2025
EGNOG,EGNOG,SIGNIFICANT_POINT,KENYA / NAIROBI FIR,-1.0941666667,38.0483333333,AIP,KCAA,2026-03-19,KCAA e-AIP ENR 4.4 (authenticated portal),AIP_EXTRACTED,139,15 MAY 2025
EGNOP,EGNOP,SIGNIFICANT_POINT,KENYA / NAIROBI FIR,-4.2308333333,39.4766666667,AIP,KCAA,2026-03-19,KCAA e-AIP ENR 4.4 (authenticated portal),AIP_EXTRACTED,139,15 MAY 2025
EGNUL,EGNUL,SIGNIFICANT_POINT,KENYA / NAIROBI FIR,4.2588888889,34.1477777778,AIP,KCAA,2026-03-19,KCAA e-AIP ENR 4.4 (authenticated portal),AIP_EXTRACTED,139,15 MAY 2025
EGROT,EGROT,SIGNIFICANT_POINT,KENYA / NAIROBI FIR,-0.3861083333,34.4914111111,AIP,KCAA,2026-03-19,KCAA e-AIP ENR 4.4 (authenticated portal),AIP_EXTRACTED,139,15 MAY 2025
EGSEM,EGSEM,SIGNIFICANT_POINT,KENYA / NAIROBI FIR,-6.4451416667,42.4573194444,AIP,KCAA,2026-03-19,KCAA e-AIP ENR 4.4 (authenticated portal),AIP_EXTRACTED,139,15 MAY 2025
EGVOM,EGVOM,SIGNIFICANT_POINT,KENYA / NAIROBI FIR,-3.7788916667,39.6229222222,AIP,KCAA,2026-03-19,KCAA e-AIP ENR 4.4 (authenticated portal),AIP_EXTRACTED,139,15 MAY 2025
EKBUL,EKBUL,SIGNIFICANT_POINT,KENYA / NAIROBI FIR,3.9969722222,36.0841861111,AIP,KCAA,2026-03-19,KCAA e-AIP ENR 4.4 (authenticated portal),AIP_EXTRACTED,139,15 MAY 2025
EKMOG,EKMOG,SIGNIFICANT_POINT,KENYA / NAIROBI FIR,-0.1708222222,33.9831083333,AIP,KCAA,2026-03-19,KCAA e-AIP ENR 4.4 (authenticated portal),AIP_EXTRACTED,139,15 MAY 2025
ELAVA,ELAVA,SIGNIFICANT_POINT,KENYA / NAIROBI FIR,-5.1189694444,40.3842694444,AIP,KCAA,2026-03-19,KCAA e-AIP ENR 4.4 (authenticated portal),AIP_EXTRACTED,139,15 MAY 2025
EMAMA,EMAMA,SIGNIFICANT_POINT,KENYA / NAIROBI FIR,-0.5833333333,41.0000000000,AIP,KCAA,2026-03-19,KCAA e-AIP ENR 4.4 (authenticated portal),AIP_EXTRACTED,139,15 MAY 2025
ENABO,ENABO,SIGNIFICANT_POINT,KENYA / NAIROBI FIR,0.9971916667,41.0009638889,AIP,KCAA,2026-03-19,KCAA e-AIP ENR 4.4 (authenticated portal),AIP_EXTRACTED,139,15 MAY 2025
ENORA,ENORA,SIGNIFICANT_POINT,KENYA / NAIROBI FIR,0.9730555556,40.0125000000,AIP,KCAA,2026-03-19,KCAA e-AIP ENR 4.4 (authenticated portal),AIP_EXTRACTED,139,15 MAY 2025
EPLAS,EPLAS,SIGNIFICANT_POINT,KENYA / NAIROBI FIR,4.0000000000,34.1967000000,AIP,KCAA,2026-03-19,KCAA e-AIP ENR 4.4 (authenticated portal),AIP_EXTRACTED,139,15 MAY 2025
EPLAV,EPLAV,SIGNIFICANT_POINT,KENYA / NAIROBI FIR,0.0472222222,40.7833333333,AIP,KCAA,2026-03-19,KCAA e-AIP ENR 4.4 (authenticated portal),AIP_EXTRACTED,139,15 MAY 2025
EPLAX,EPLAX,SIGNIFICANT_POINT,KENYA / NAIROBI FIR,-4.3166666667,39.4247222222,AIP,KCAA,2026-03-19,KCAA e-AIP ENR 4.4 (authenticated portal),AIP_EXTRACTED,139,15 MAY 2025
EPLEB,EPLEB,SIGNIFICANT_POINT,KENYA / NAIROBI FIR,-3.9155555556,39.6608333333,AIP,KCAA,2026-03-19,KCAA e-AIP ENR 4.4 (authenticated portal),AIP_EXTRACTED,139,15 MAY 2025
EPMOM,EPMOM,SIGNIFICANT_POINT,KENYA / NAIROBI FIR,-1.0515944444,37.2923111111,AIP,KCAA,2026-03-19,KCAA e-AIP ENR 4.4 (authenticated portal),AIP_EXTRACTED,139,15 MAY 2025
EPNEX,EPNEX,SIGNIFICANT_POINT,KENYA / NAIROBI FIR,-4.2844444444,39.5611111111,AIP,KCAA,2026-03-19,KCAA e-AIP ENR 4.4 (authenticated portal),AIP_EXTRACTED,139,15 MAY 2025
EPNIB,EPNIB,SIGNIFICANT_POINT,KENYA / NAIROBI FIR,-1.1974194444,37.0943666667,AIP,KCAA,2026-03-19,KCAA e-AIP ENR 4.4 (authenticated portal),AIP_EXTRACTED,139,15 MAY 2025
EPSIB,EPSIB,SIGNIFICANT_POINT,KENYA / NAIROBI FIR,0.0574305556,38.3031750000,AIP,KCAA,2026-03-19,KCAA e-AIP ENR 4.4 (authenticated portal),AIP_EXTRACTED,139,15 MAY 2025
EPSUS,EPSUS,SIGNIFICANT_POINT,KENYA / NAIROBI FIR,-2.5480555556,37.3819444444,AIP,KCAA,2026-03-19,KCAA e-AIP ENR 4.4 (authenticated portal),AIP_EXTRACTED,139,15 MAY 2025
EPSUT,EPSUT,SIGNIFICANT_POINT,KENYA / NAIROBI FIR,4.1191666667,34.6444444444,AIP,KCAA,2026-03-19,KCAA e-AIP ENR 4.4 (authenticated portal),AIP_EXTRACTED,139,15 MAY 2025
EPTAS,EPTAS,SIGNIFICANT_POINT,KENYA / NAIROBI FIR,-5.3421472222,41.2070194444,AIP,KCAA,2026-03-19,KCAA e-AIP ENR 4.4 (authenticated portal),AIP_EXTRACTED,139,15 MAY 2025
EPTEL,EPTEL,SIGNIFICANT_POINT,KENYA / NAIROBI FIR,-4.0417444444,38.2933333333,AIP,KCAA,2026-03-19,KCAA e-AIP ENR 4.4 (authenticated portal),AIP_EXTRACTED,139,15 MAY 2025
EPTOD,EPTOD,SIGNIFICANT_POINT,KENYA / NAIROBI FIR,0.5244444444,35.4513888889,AIP,KCAA,2026-03-19,KCAA e-AIP ENR 4.4 (authenticated portal),AIP_EXTRACTED,139,15 MAY 2025
EPVEM,EPVEM,SIGNIFICANT_POINT,KENYA / NAIROBI FIR,1.5008333333,40.2461111111,AIP,KCAA,2026-03-19,KCAA e-AIP ENR 4.4 (authenticated portal),AIP_EXTRACTED,139,15 MAY 2025
ESPOM,ESPOM,SIGNIFICANT_POINT,KENYA / NAIROBI FIR,-3.7405555556,39.7588888889,AIP,KCAA,2026-03-19,KCAA e-AIP ENR 4.4 (authenticated portal),AIP_EXTRACTED,140,03 OCT 2024
ESRAD,ESRAD,SIGNIFICANT_POINT,KENYA / NAIROBI FIR,4.2827777778,34.0677777778,AIP,KCAA,2026-03-19,KCAA e-AIP ENR 4.4 (authenticated portal),AIP_EXTRACTED,140,03 OCT 2024
ESRIN,ESRIN,SIGNIFICANT_POINT,KENYA / NAIROBI FIR,-3.9494444444,39.8241666667,AIP,KCAA,2026-03-19,KCAA e-AIP ENR 4.4 (authenticated portal),AIP_EXTRACTED,140,03 OCT 2024
ESTAB,ESTAB,SIGNIFICANT_POINT,KENYA / NAIROBI FIR,-1.2861111111,34.9252777778,AIP,KCAA,2026-03-19,KCAA e-AIP ENR 4.4 (authenticated portal),AIP_EXTRACTED,140,03 OCT 2024
ESTOG,ESTOG,SIGNIFICANT_POINT,KENYA / NAIROBI FIR,-3.0161111111,40.1605555556,AIP,KCAA,2026-03-19,KCAA e-AIP ENR 4.4 (authenticated portal),AIP_EXTRACTED,140,03 OCT 2024
ETBAX,ETBAX,SIGNIFICANT_POINT,KENYA / NAIROBI FIR,-3.8138888889,39.7177777778,AIP,KCAA,2026-03-19,KCAA e-AIP ENR 4.4 (authenticated portal),AIP_EXTRACTED,140,03 OCT 2024
ETGAP,ETGAP,SIGNIFICANT_POINT,KENYA / NAIROBI FIR,-1.1078388889,36.3242750000,AIP,KCAA,2026-03-19,KCAA e-AIP ENR 4.4 (authenticated portal),AIP_EXTRACTED,140,03 OCT 2024
ETMED,ETMED,SIGNIFICANT_POINT,KENYA / NAIROBI FIR,-1.2545194444,37.0162833333,AIP,KCAA,2026-03-19,KCAA e-AIP ENR 4.4 (authenticated portal),AIP_EXTRACTED,140,03 OCT 2024
ETOKI,ETOKI,SIGNIFICANT_POINT,KENYA / NAIROBI FIR,-0.6334027778,34.3040472222,AIP,KCAA,2026-03-19,KCAA e-AIP ENR 4.4 (authenticated portal),AIP_EXTRACTED,140,03 OCT 2024
ETORU,ETORU,SIGNIFICANT_POINT,KENYA / NAIROBI FIR,-0.0555555556,36.6791666667,AIP,KCAA,2026-03-19,KCAA e-AIP ENR 4.4 (authenticated portal),AIP_EXTRACTED,140,03 OCT 2024
ETUNU,ETUNU,SIGNIFICANT_POINT,KENYA / NAIROBI FIR,-0.8389555556,36.3517000000,AIP,KCAA,2026-03-19,KCAA e-AIP ENR 4.4 (authenticated portal),AIP_EXTRACTED,140,03 OCT 2024
ETUSU,ETUSU,SIGNIFICANT_POINT,KENYA / NAIROBI FIR,-3.8280555556,39.7100000000,AIP,KCAA,2026-03-19,KCAA e-AIP ENR 4.4 (authenticated portal),AIP_EXTRACTED,140,03 OCT 2024
EVARU,EVARU,SIGNIFICANT_POINT,KENYA / NAIROBI FIR,-2.2183333333,42.4347222222,AIP,KCAA,2026-03-19,KCAA e-AIP ENR 4.4 (authenticated portal),AIP_EXTRACTED,140,03 OCT 2024
EVATO,EVATO,SIGNIFICANT_POINT,KENYA / NAIROBI FIR,-2.3358500000,36.4508222222,AIP,KCAA,2026-03-19,KCAA e-AIP ENR 4.4 (authenticated portal),AIP_EXTRACTED,140,03 OCT 2024
EVIDI,EVIDI,SIGNIFICANT_POINT,KENYA / NAIROBI FIR,-3.7938888889,39.4952777778,AIP,KCAA,2026-03-19,KCAA e-AIP ENR 4.4 (authenticated portal),AIP_EXTRACTED,140,03 OCT 2024
EVOGO,EVOGO,SIGNIFICANT_POINT,KENYA / NAIROBI FIR,-1.7833333333,39.8008333333,AIP,KCAA,2026-03-19,KCAA e-AIP ENR 4.4 (authenticated portal),AIP_EXTRACTED,140,03 OCT 2024
EVUDA,EVUDA,SIGNIFICANT_POINT,KENYA / NAIROBI FIR,-1.8472222222,40.2166666667,AIP,KCAA,2026-03-19,KCAA e-AIP ENR 4.4 (authenticated portal),AIP_EXTRACTED,140,03 OCT 2024
EXALI,EXALI,SIGNIFICANT_POINT,KENYA / NAIROBI FIR,-0.1425000000,34.6233333333,AIP,KCAA,2026-03-19,KCAA e-AIP ENR 4.4 (authenticated portal),AIP_EXTRACTED,140,03 OCT 2024
GABSO,GABSO,SIGNIFICANT_POINT,KENYA / NAIROBI FIR,-2.8524805556,37.5675166667,AIP,KCAA,2026-03-19,KCAA e-AIP ENR 4.4 (authenticated portal),AIP_EXTRACTED,140,03 OCT 2024
GADLA,GADLA,SIGNIFICANT_POINT,KENYA / NAIROBI FIR,-3.7299500000,38.6120416667,AIP,KCAA,2026-03-19,KCAA e-AIP ENR 4.4 (authenticated portal),AIP_EXTRACTED,140,03 OCT 2024
GARBA,GARBA,SIGNIFICANT_POINT,KENYA / NAIROBI FIR,0.5768222222,38.4621222222,AIP,KCAA,2026-03-19,KCAA e-AIP ENR 4.4 (authenticated portal),AIP_EXTRACTED,140,03 OCT 2024
GENIK,GENIK,SIGNIFICANT_POINT,KENYA / NAIROBI FIR,-1.3514972222,36.2999694444,AIP,KCAA,2026-03-19,KCAA e-AIP ENR 4.4 (authenticated portal),AIP_EXTRACTED,140,03 OCT 2024
GENIL,GENIL,SIGNIFICANT_POINT,KENYA / NAIROBI FIR,-4.1786111111,39.3911111111,AIP,KCAA,2026-03-19,KCAA e-AIP ENR 4.4 (authenticated portal),AIP_EXTRACTED,140,03 OCT 2024
GEPIN,GEPIN,SIGNIFICANT_POINT,KENYA / NAIROBI FIR,1.9647222222,39.9372222222,AIP,KCAA,2026-03-19,KCAA e-AIP ENR 4.4 (authenticated portal),AIP_EXTRACTED,140,03 OCT 2024
GEREB,GEREB,SIGNIFICANT_POINT,KENYA / NAIROBI FIR,-1.5952222222,36.5503055556,AIP,KCAA,2026-03-19,KCAA e-AIP ENR 4.4 (authenticated portal),AIP_EXTRACTED,140,03 OCT 2024
GERIX,GERIX,SIGNIFICANT_POINT,KENYA / NAIROBI FIR,-0.1884444444,34.6433055556,AIP,KCAA,2026-03-19,KCAA e-AIP ENR 4.4 (authenticated portal),AIP_EXTRACTED,140,03 OCT 2024
GETAT,GETAT,SIGNIFICANT_POINT,KENYA / NAIROBI FIR,-1.7859111111,41.7009777778,AIP,KCAA,2026-03-19,KCAA e-AIP ENR 4.4 (authenticated portal),AIP_EXTRACTED,140,03 OCT 2024
GETOM,GETOM,SIGNIFICANT_POINT,KENYA / NAIROBI FIR,-0.9984583333,36.5554250000,AIP,KCAA,2026-03-19,KCAA e-AIP ENR 4.4 (authenticated portal),AIP_EXTRACTED,140,03 OCT 2024
GEVAX,GEVAX,SIGNIFICANT_POINT,KENYA / NAIROBI FIR,0.2733333333,35.4425000000,AIP,KCAA,2026-03-19,KCAA e-AIP ENR 4.4 (authenticated portal),AIP_EXTRACTED,140,03 OCT 2024
GIAKI,GIAKI,SIGNIFICANT_POINT,KENYA / NAIROBI FIR,-0.0349194444,37.8127027778,AIP,KCAA,2026-03-19,KCAA e-AIP ENR 4.4 (authenticated portal),AIP_EXTRACTED,140,03 OCT 2024
GONGU,GONGU,SIGNIFICANT_POINT,KENYA / NAIROBI FIR,1.2255611111,34.7923166667,AIP,KCAA,2026-03-19,KCAA e-AIP ENR 4.4 (authenticated portal),AIP_EXTRACTED,140,03 OCT 2024
IBKAS,IBKAS,SIGNIFICANT_POINT,KENYA / NAIROBI FIR,-0.9442805556,36.2030388889,AIP,KCAA,2026-03-19,KCAA e-AIP ENR 4.4 (authenticated portal),AIP_EXTRACTED,140,03 OCT 2024
IBNOK,IBNOK,SIGNIFICANT_POINT,KENYA / NAIROBI FIR,-2.6211916667,39.7424916667,AIP,KCAA,2026-03-19,KCAA e-AIP ENR 4.4 (authenticated portal),AIP_EXTRACTED,140,03 OCT 2024
IBRAT,IBRAT,SIGNIFICANT_POINT,KENYA / NAIROBI FIR,-1.4936111111,36.6891666667,AIP,KCAA,2026-03-19,KCAA e-AIP ENR 4.4 (authenticated portal),AIP_EXTRACTED,140,03 OCT 2024
IBROM,IBROM,SIGNIFICANT_POINT,KENYA / NAIROBI FIR,-0.3217222222,39.8966666667,AIP,KCAA,2026-03-19,KCAA e-AIP ENR 4.4 (authenticated portal),AIP_EXTRACTED,140,03 OCT 2024
IBSAB,IBSAB,SIGNIFICANT_POINT,KENYA / NAIROBI FIR,0.1130555556,37.2033333333,AIP,KCAA,2026-03-19,KCAA e-AIP ENR 4.4 (authenticated portal),AIP_EXTRACTED,140,03 OCT 2024
IBSID,IBSID,SIGNIFICANT_POINT,KENYA / NAIROBI FIR,-4.0908333333,39.8319444444,AIP,KCAA,2026-03-19,KCAA e-AIP ENR 4.4 (authenticated portal),AIP_EXTRACTED,141,03 OCT 2024
IBSOS,IBSOS,SIGNIFICANT_POINT,KENYA / NAIROBI FIR,-3.6069444444,40.1355555556,AIP,KCAA,2026-03-19,KCAA e-AIP ENR 4.4 (authenticated portal),AIP_EXTRACTED,141,03 OCT 2024
IBSUL,IBSUL,SIGNIFICANT_POINT,KENYA / NAIROBI FIR,-0.4346194444,34.8926750000,AIP,KCAA,2026-03-19,KCAA e-AIP ENR 4.4 (authenticated portal),AIP_EXTRACTED,141,03 OCT 2024
IMDIS,IMDIS,SIGNIFICANT_POINT,KENYA / NAIROBI FIR,-1.4358333333,36.7683333333,AIP,KCAA,2026-03-19,KCAA e-AIP ENR 4.4 (authenticated portal),AIP_EXTRACTED,141,03 OCT 2024
IMGAL,IMGAL,SIGNIFICANT_POINT,KENYA / NAIROBI FIR,-3.4752777778,39.8219444444,AIP,KCAA,2026-03-19,KCAA e-AIP ENR 4.4 (authenticated portal),AIP_EXTRACTED,141,03 OCT 2024
IMKAK,IMKAK,SIGNIFICANT_POINT,KENYA / NAIROBI FIR,-3.9932472222,41.1236805556,AIP,KCAA,2026-03-19,KCAA e-AIP ENR 4.4 (authenticated portal),AIP_EXTRACTED,141,03 OCT 2024
IMLAT,IMLAT,SIGNIFICANT_POINT,KENYA / NAIROBI FIR,-1.8691666667,37.8841666667,AIP,KCAA,2026-03-19,KCAA e-AIP ENR 4.4 (authenticated portal),AIP_EXTRACTED,141,03 OCT 2024
IMLOX,IMLOX,SIGNIFICANT_POINT,KENYA / NAIROBI FIR,-3.5580555556,39.9605555556,AIP,KCAA,2026-03-19,KCAA e-AIP ENR 4.4 (authenticated portal),AIP_EXTRACTED,141,03 OCT 2024
IMROD,IMROD,SIGNIFICANT_POINT,KENYA / NAIROBI FIR,-6.6521500000,40.9008777778,AIP,KCAA,2026-03-19,KCAA e-AIP ENR 4.4 (authenticated portal),AIP_EXTRACTED,141,03 OCT 2024
IMSIS,IMSIS,SIGNIFICANT_POINT,KENYA / NAIROBI FIR,-4.2505555556,39.4736111111,AIP,KCAA,2026-03-19,KCAA e-AIP ENR 4.4 (authenticated portal),AIP_EXTRACTED,141,03 OCT 2024
ITGOT,ITGOT,SIGNIFICANT_POINT,KENYA / NAIROBI FIR,-4.1448055556,39.5285694444,AIP,KCAA,2026-03-19,KCAA e-AIP ENR 4.4 (authenticated portal),AIP_EXTRACTED,141,03 OCT 2024
ITMAR,ITMAR,SIGNIFICANT_POINT,KENYA / NAIROBI FIR,-2.0025611111,42.5843361111,AIP,KCAA,2026-03-19,KCAA e-AIP ENR 4.4 (authenticated portal),AIP_EXTRACTED,141,03 OCT 2024
IXANI,IXANI,SIGNIFICANT_POINT,KENYA / NAIROBI FIR,-0.4706861111,33.9347166667,AIP,KCAA,2026-03-19,KCAA e-AIP ENR 4.4 (authenticated portal),AIP_EXTRACTED,141,03 OCT 2024
JOMOK,JOMOK,SIGNIFICANT_POINT,KENYA / NAIROBI FIR,-1.4038888889,36.8069444444,AIP,KCAA,2026-03-19,KCAA e-AIP ENR 4.4 (authenticated portal),AIP_EXTRACTED,141,03 OCT 2024
KAMAS,KAMAS,SIGNIFICANT_POINT,KENYA / NAIROBI FIR,1.6207138889,35.8509888889,AIP,KCAA,2026-03-19,KCAA e-AIP ENR 4.4 (authenticated portal),AIP_EXTRACTED,141,03 OCT 2024
KESOM,KESOM,SIGNIFICANT_POINT,KENYA / NAIROBI FIR,0.1306111111,41.0009611111,AIP,KCAA,2026-03-19,KCAA e-AIP ENR 4.4 (authenticated portal),AIP_EXTRACTED,141,03 OCT 2024
KIDUM,KIDUM,SIGNIFICANT_POINT,KENYA / NAIROBI FIR,-0.3148055556,35.6568750000,AIP,KCAA,2026-03-19,KCAA e-AIP ENR 4.4 (authenticated portal),AIP_EXTRACTED,141,03 OCT 2024
KIMET,KIMET,SIGNIFICANT_POINT,KENYA / NAIROBI FIR,1.1305888889,35.5283416667,AIP,KCAA,2026-03-19,KCAA e-AIP ENR 4.4 (authenticated portal),AIP_EXTRACTED,141,03 OCT 2024
KISAK,KISAK,SIGNIFICANT_POINT,KENYA / NAIROBI FIR,-7.8137500000,44.0010527778,AIP,KCAA,2026-03-19,KCAA e-AIP ENR 4.4 (authenticated portal),AIP_EXTRACTED,141,03 OCT 2024
KOGUT,KOGUT,SIGNIFICANT_POINT,KENYA / NAIROBI FIR,-6.5354944444,41.9175555556,AIP,KCAA,2026-03-19,KCAA e-AIP ENR 4.4 (authenticated portal),AIP_EXTRACTED,141,03 OCT 2024
LANET,LANET,SIGNIFICANT_POINT,KENYA / NAIROBI FIR,-0.3047444444,36.1553472222,AIP,KCAA,2026-03-19,KCAA e-AIP ENR 4.4 (authenticated portal),AIP_EXTRACTED,141,03 OCT 2024
LODWA,LODWA,SIGNIFICANT_POINT,KENYA / NAIROBI FIR,3.1075000000,35.6127388889,AIP,KCAA,2026-03-19,KCAA e-AIP ENR 4.4 (authenticated portal),AIP_EXTRACTED,141,03 OCT 2024
LOSIN,LOSIN,SIGNIFICANT_POINT,KENYA / NAIROBI FIR,-3.1333027778,36.1221500000,AIP,KCAA,2026-03-19,KCAA e-AIP ENR 4.4 (authenticated portal),AIP_EXTRACTED,141,03 OCT 2024
LOTAS,LOTAS,SIGNIFICANT_POINT,KENYA / NAIROBI FIR,0.9972083333,36.5341944444,AIP,KCAA,2026-03-19,KCAA e-AIP ENR 4.4 (authenticated portal),AIP_EXTRACTED,141,03 OCT 2024
MAGAD,MAGAD,SIGNIFICANT_POINT,KENYA / NAIROBI FIR,-2.1812472222,36.1511972222,AIP,KCAA,2026-03-19,KCAA e-AIP ENR 4.4 (authenticated portal),AIP_EXTRACTED,141,03 OCT 2024
MELMO,MELMO,SIGNIFICANT_POINT,KENYA / NAIROBI FIR,-0.6026472222,34.5841111111,AIP,KCAA,2026-03-19,KCAA e-AIP ENR 4.4 (authenticated portal),AIP_EXTRACTED,141,03 OCT 2024
MIDNI,MIDNI,SIGNIFICANT_POINT,KENYA / NAIROBI FIR,-2.5218055556,40.0435138889,AIP,KCAA,2026-03-19,KCAA e-AIP ENR 4.4 (authenticated portal),AIP_EXTRACTED,141,03 OCT 2024
MOBAT,MOBAT,SIGNIFICANT_POINT,KENYA / NAIROBI FIR,-3.9787222222,40.6360611111,AIP,KCAA,2026-03-19,KCAA e-AIP ENR 4.4 (authenticated portal),AIP_EXTRACTED,141,03 OCT 2024
MOHAD,MOHAD,SIGNIFICANT_POINT,KENYA / NAIROBI FIR,2.5735666667,39.9350138889,AIP,KCAA,2026-03-19,KCAA e-AIP ENR 4.4 (authenticated portal),AIP_EXTRACTED,141,03 OCT 2024
MOKAD,MOKAD,SIGNIFICANT_POINT,KENYA / NAIROBI FIR,-4.6678055556,40.4731222222,AIP,KCAA,2026-03-19,KCAA e-AIP ENR 4.4 (authenticated portal),AIP_EXTRACTED,141,03 OCT 2024
MOMBA,MOMBA,SIGNIFICANT_POINT,KENYA / NAIROBI FIR,-3.8841666667,39.6783333333,AIP,KCAA,2026-03-19,KCAA e-AIP ENR 4.4 (authenticated portal),AIP_EXTRACTED,141,03 OCT 2024
MOVEX,MOVEX,SIGNIFICANT_POINT,KENYA / NAIROBI FIR,-3.9485333333,39.6427444444,AIP,KCAA,2026-03-19,KCAA e-AIP ENR 4.4 (authenticated portal),AIP_EXTRACTED,142,15 MAY 2025
NAKAT,NAKAT,SIGNIFICANT_POINT,KENYA / NAIROBI FIR,-0.8359805556,35.3674666667,AIP,KCAA,2026-03-19,KCAA e-AIP ENR 4.4 (authenticated portal),AIP_EXTRACTED,142,15 MAY 2025
NAROK,NAROK,SIGNIFICANT_POINT,KENYA / NAIROBI FIR,-1.1000000000,35.8500000000,AIP,KCAA,2026-03-19,KCAA e-AIP ENR 4.4 (authenticated portal),AIP_EXTRACTED,142,15 MAY 2025
NAVEX,NAVEX,SIGNIFICANT_POINT,KENYA / NAIROBI FIR,-1.2999027778,36.9542277778,AIP,KCAA,2026-03-19,KCAA e-AIP ENR 4.4 (authenticated portal),AIP_EXTRACTED,142,15 MAY 2025
NEREV,NEREV,SIGNIFICANT_POINT,KENYA / NAIROBI FIR,-3.2449277778,39.1110972222,AIP,KCAA,2026-03-19,KCAA e-AIP ENR 4.4 (authenticated portal),AIP_EXTRACTED,142,15 MAY 2025
NESIB,NESIB,SIGNIFICANT_POINT,KENYA / NAIROBI FIR,-1.2813888889,35.2836111111,AIP,KCAA,2026-03-19,KCAA e-AIP ENR 4.4 (authenticated portal),AIP_EXTRACTED,142,15 MAY 2025
NESOD,NESOD,SIGNIFICANT_POINT,KENYA / NAIROBI FIR,-1.4119444444,36.6886111111,AIP,KCAA,2026-03-19,KCAA e-AIP ENR 4.4 (authenticated portal),AIP_EXTRACTED,142,15 MAY 2025
NETAR,NETAR,SIGNIFICANT_POINT,KENYA / NAIROBI FIR,-2.4636305556,44.0010527778,AIP,KCAA,2026-03-19,KCAA e-AIP ENR 4.4 (authenticated portal),AIP_EXTRACTED,142,15 MAY 2025
NETOV,NETOV,SIGNIFICANT_POINT,KENYA / NAIROBI FIR,1.0785194444,39.3315305556,AIP,KCAA,2026-03-19,KCAA e-AIP ENR 4.4 (authenticated portal),AIP_EXTRACTED,142,15 MAY 2025
NEVON,NEVON,SIGNIFICANT_POINT,KENYA / NAIROBI FIR,-0.4327861111,35.2327805556,AIP,KCAA,2026-03-19,KCAA e-AIP ENR 4.4 (authenticated portal),AIP_EXTRACTED,142,15 MAY 2025
NEXES,NEXES,SIGNIFICANT_POINT,KENYA / NAIROBI FIR,-0.1000000000,34.4900000000,AIP,KCAA,2026-03-19,KCAA e-AIP ENR 4.4 (authenticated portal),AIP_EXTRACTED,142,15 MAY 2025
NEXIB,NEXIB,SIGNIFICANT_POINT,KENYA / NAIROBI FIR,-3.0363888889,40.0627777778,AIP,KCAA,2026-03-19,KCAA e-AIP ENR 4.4 (authenticated portal),AIP_EXTRACTED,142,15 MAY 2025
NGOLO,NGOLO,SIGNIFICANT_POINT,KENYA / NAIROBI FIR,-1.4260833333,36.5762611111,AIP,KCAA,2026-03-19,KCAA e-AIP ENR 4.4 (authenticated portal),AIP_EXTRACTED,142,15 MAY 2025
NGONG,NGONG,SIGNIFICANT_POINT,KENYA / NAIROBI FIR,-1.3965833333,36.6379444444,AIP,KCAA,2026-03-19,KCAA e-AIP ENR 4.4 (authenticated portal),AIP_EXTRACTED,142,15 MAY 2025
NIBIT,NIBIT,SIGNIFICANT_POINT,KENYA / NAIROBI FIR,-1.4108333333,35.0927777778,AIP,KCAA,2026-03-19,KCAA e-AIP ENR 4.4 (authenticated portal),AIP_EXTRACTED,142,15 MAY 2025
NIDED,NIDED,SIGNIFICANT_POINT,KENYA / NAIROBI FIR,-4.8206500000,40.6189250000,AIP,KCAA,2026-03-19,KCAA e-AIP ENR 4.4 (authenticated portal),AIP_EXTRACTED,142,15 MAY 2025
NIKEP,NIKEP,SIGNIFICANT_POINT,KENYA / NAIROBI FIR,-0.4408333333,36.9683333333,AIP,KCAA,2026-03-19,KCAA e-AIP ENR 4.4 (authenticated portal),AIP_EXTRACTED,142,15 MAY 2025
NORVU,NORVU,SIGNIFICANT_POINT,KENYA / NAIROBI FIR,-2.8666194444,39.5005555556,AIP,KCAA,2026-03-19,KCAA e-AIP ENR 4.4 (authenticated portal),AIP_EXTRACTED,142,15 MAY 2025
OKBEL,OKBEL,SIGNIFICANT_POINT,KENYA / NAIROBI FIR,-0.0608333333,34.8122222222,AIP,KCAA,2026-03-19,KCAA e-AIP ENR 4.4 (authenticated portal),AIP_EXTRACTED,142,15 MAY 2025
OKDIL,OKDIL,SIGNIFICANT_POINT,KENYA / NAIROBI FIR,-2.1716666667,40.8725000000,AIP,KCAA,2026-03-19,KCAA e-AIP ENR 4.4 (authenticated portal),AIP_EXTRACTED,142,15 MAY 2025
OKNAV,OKNAV,SIGNIFICANT_POINT,KENYA / NAIROBI FIR,2.3979972222,40.6040083333,AIP,KCAA,2026-03-19,KCAA e-AIP ENR 4.4 (authenticated portal),AIP_EXTRACTED,142,15 MAY 2025
OKNES,OKNES,SIGNIFICANT_POINT,KENYA / NAIROBI FIR,-3.5857388889,37.9008416667,AIP,KCAA,2026-03-19,KCAA e-AIP ENR 4.4 (authenticated portal),AIP_EXTRACTED,142,15 MAY 2025
OKNIS,OKNIS,SIGNIFICANT_POINT,KENYA / NAIROBI FIR,-2.4186111111,40.9966666667,AIP,KCAA,2026-03-19,KCAA e-AIP ENR 4.4 (authenticated portal),AIP_EXTRACTED,142,15 MAY 2025
OKPAB,OKPAB,SIGNIFICANT_POINT,KENYA / NAIROBI FIR,-3.8160250000,37.9613611111,AIP,KCAA,2026-03-19,KCAA e-AIP ENR 4.4 (authenticated portal),AIP_EXTRACTED,142,15 MAY 2025
OKRIT,OKRIT,SIGNIFICANT_POINT,KENYA / NAIROBI FIR,-0.8833527778,37.6747388889,AIP,KCAA,2026-03-19,KCAA e-AIP ENR 4.4 (authenticated portal),AIP_EXTRACTED,142,15 MAY 2025
OKSEG,OKSEG,SIGNIFICANT_POINT,KENYA / NAIROBI FIR,-2.0819444444,40.8275000000,AIP,KCAA,2026-03-19,KCAA e-AIP ENR 4.4 (authenticated portal),AIP_EXTRACTED,142,15 MAY 2025
ORSER,ORSER,SIGNIFICANT_POINT,KENYA / NAIROBI FIR,-4.0464027778,42.8934138889,AIP,KCAA,2026-03-19,KCAA e-AIP ENR 4.4 (authenticated portal),AIP_EXTRACTED,142,15 MAY 2025
PARIN,PARIN,SIGNIFICANT_POINT,KENYA / NAIROBI FIR,-1.7692250000,35.3674611111,AIP,KCAA,2026-03-19,KCAA e-AIP ENR 4.4 (authenticated portal),AIP_EXTRACTED,143,15 MAY 2025
PATAR,PATAR,SIGNIFICANT_POINT,KENYA / NAIROBI FIR,2.4479277778,34.9754027778,AIP,KCAA,2026-03-19,KCAA e-AIP ENR 4.4 (authenticated portal),AIP_EXTRACTED,143,15 MAY 2025
PEMIK,PEMIK,SIGNIFICANT_POINT,KENYA / NAIROBI FIR,-0.5467138889,34.3772055556,AIP,KCAA,2026-03-19,KCAA e-AIP ENR 4.4 (authenticated portal),AIP_EXTRACTED,143,15 MAY 2025
PURIT,PURIT,SIGNIFICANT_POINT,KENYA / NAIROBI FIR,1.6263888889,40.2827777778,AIP,KCAA,2026-03-19,KCAA e-AIP ENR 4.4 (authenticated portal),AIP_EXTRACTED,143,15 MAY 2025
RIVER,RIVER,SIGNIFICANT_POINT,KENYA / NAIROBI FIR,0.7069444444,36.9805555556,AIP,KCAA,2026-03-19,KCAA e-AIP ENR 4.4 (authenticated portal),AIP_EXTRACTED,143,15 MAY 2025
RUDOL,RUDOL,SIGNIFICANT_POINT,KENYA / NAIROBI FIR,3.9969611111,37.4175500000,AIP,KCAA,2026-03-19,KCAA e-AIP ENR 4.4 (authenticated portal),AIP_EXTRACTED,143,15 MAY 2025
SELRU,SELRU,SIGNIFICANT_POINT,KENYA / NAIROBI FIR,-2.5006916667,35.8600277778,AIP,KCAA,2026-03-19,KCAA e-AIP ENR 4.4 (authenticated portal),AIP_EXTRACTED,143,15 MAY 2025
STONY,STONY,SIGNIFICANT_POINT,KENYA / NAIROBI FIR,-1.5034388889,37.0212250000,AIP,KCAA,2026-03-19,KCAA e-AIP ENR 4.4 (authenticated portal),AIP_EXTRACTED,143,15 MAY 2025
TETEK,TETEK,SIGNIFICANT_POINT,KENYA / NAIROBI FIR,0.0332694444,37.6714694444,AIP,KCAA,2026-03-19,KCAA e-AIP ENR 4.4 (authenticated portal),AIP_EXTRACTED,143,15 MAY 2025
TEVEN,TEVEN,SIGNIFICANT_POINT,KENYA / NAIROBI FIR,4.1769444444,34.4527777778,AIP,KCAA,2026-03-19,KCAA e-AIP ENR 4.4 (authenticated portal),AIP_EXTRACTED,143,15 MAY 2025
TEVIN,TEVIN,SIGNIFICANT_POINT,KENYA / NAIROBI FIR,-0.7005805556,37.5336611111,AIP,KCAA,2026-03-19,KCAA e-AIP ENR 4.4 (authenticated portal),AIP_EXTRACTED,143,15 MAY 2025
TEVOX,TEVOX,SIGNIFICANT_POINT,KENYA / NAIROBI FIR,-1.7720555556,36.7834444444,AIP,KCAA,2026-03-19,KCAA e-AIP ENR 4.4 (authenticated portal),AIP_EXTRACTED,143,15 MAY 2025
TEXAV,TEXAV,SIGNIFICANT_POINT,KENYA / NAIROBI FIR,-0.1275000000,35.0358333333,AIP,KCAA,2026-03-19,KCAA e-AIP ENR 4.4 (authenticated portal),AIP_EXTRACTED,143,15 MAY 2025
TEXIN,TEXIN,SIGNIFICANT_POINT,KENYA / NAIROBI FIR,4.1672222222,34.1205555556,AIP,KCAA,2026-03-19,KCAA e-AIP ENR 4.4 (authenticated portal),AIP_EXTRACTED,143,15 MAY 2025
TEXUM,TEXUM,SIGNIFICANT_POINT,KENYA / NAIROBI FIR,-3.3113888889,40.1183333333,AIP,KCAA,2026-03-19,KCAA e-AIP ENR 4.4 (authenticated portal),AIP_EXTRACTED,143,15 MAY 2025
TIBAB,TIBAB,SIGNIFICANT_POINT,KENYA / NAIROBI FIR,0.2634722222,35.0166111111,AIP,KCAA,2026-03-19,KCAA e-AIP ENR 4.4 (authenticated portal),AIP_EXTRACTED,143,15 MAY 2025
TIBET,TIBET,SIGNIFICANT_POINT,KENYA / NAIROBI FIR,-1.3509166667,36.3740000000,AIP,KCAA,2026-03-19,KCAA e-AIP ENR 4.4 (authenticated portal),AIP_EXTRACTED,143,15 MAY 2025
TIBIN,TIBIN,SIGNIFICANT_POINT,KENYA / NAIROBI FIR,-1.4530555556,37.8641416667,AIP,KCAA,2026-03-19,KCAA e-AIP ENR 4.4 (authenticated portal),AIP_EXTRACTED,143,15 MAY 2025
TIDAK,TIDAK,SIGNIFICANT_POINT,KENYA / NAIROBI FIR,-1.0114555556,35.9847583333,AIP,KCAA,2026-03-19,KCAA e-AIP ENR 4.4 (authenticated portal),AIP_EXTRACTED,143,15 MAY 2025
TIGEM,TIGEM,SIGNIFICANT_POINT,KENYA / NAIROBI FIR,-0.8640944444,38.2717750000,AIP,KCAA,2026-03-19,KCAA e-AIP ENR 4.4 (authenticated portal),AIP_EXTRACTED,143,15 MAY 2025
TILEV,TILEV,SIGNIFICANT_POINT,KENYA / NAIROBI FIR,0.5435277778,35.4516111111,AIP,KCAA,2026-03-19,KCAA e-AIP ENR 4.4 (authenticated portal),AIP_EXTRACTED,143,15 MAY 2025
TIMAK,TIMAK,SIGNIFICANT_POINT,KENYA / NAIROBI FIR,0.4486944444,34.9798611111,AIP,KCAA,2026-03-19,KCAA e-AIP ENR 4.4 (authenticated portal),AIP_EXTRACTED,143,15 MAY 2025
UDKOR,UDKOR,SIGNIFICANT_POINT,KENYA / NAIROBI FIR,-1.3855555556,34.9113888889,AIP,KCAA,2026-03-19,KCAA e-AIP ENR 4.4 (authenticated portal),AIP_EXTRACTED,143,15 MAY 2025
UDPAM,UDPAM,SIGNIFICANT_POINT,KENYA / NAIROBI FIR,-0.0822222222,37.0319444444,AIP,KCAA,2026-03-19,KCAA e-AIP ENR 4.4 (authenticated portal),AIP_EXTRACTED,143,15 MAY 2025
UNRAS,UNRAS,SIGNIFICANT_POINT,KENYA / NAIROBI FIR,0.0553083333,33.9255861111,AIP,KCAA,2026-03-19,KCAA e-AIP ENR 4.4 (authenticated portal),AIP_EXTRACTED,143,15 MAY 2025
USERO,USERO,SIGNIFICANT_POINT,KENYA / NAIROBI FIR,0.7066805556,35.2490722222,AIP,KCAA,2026-03-19,KCAA e-AIP ENR 4.4 (authenticated portal),AIP_EXTRACTED,143,15 MAY 2025
USUKA,USUKA,SIGNIFICANT_POINT,KENYA / NAIROBI FIR,4.4661111111,33.9852777778,AIP,KCAA,2026-03-19,KCAA e-AIP ENR 4.4 (authenticated portal),AIP_EXTRACTED,143,15 MAY 2025
USUKU,USUKU,SIGNIFICANT_POINT,KENYA / NAIROBI FIR,-1.9922222222,40.7822222222,AIP,KCAA,2026-03-19,KCAA e-AIP ENR 4.4 (authenticated portal),AIP_EXTRACTED,143,15 MAY 2025
USUSA,USUSA,SIGNIFICANT_POINT,KENYA / NAIROBI FIR,-0.1461111111,37.0030555556,AIP,KCAA,2026-03-19,KCAA e-AIP ENR 4.4 (authenticated portal),AIP_EXTRACTED,143,15 MAY 2025
UTADA,UTADA,SIGNIFICANT_POINT,KENYA / NAIROBI FIR,-3.3897805556,40.2363333333,AIP,KCAA,2026-03-19,KCAA e-AIP ENR 4.4 (authenticated portal),AIP_EXTRACTED,143,15 MAY 2025
UTAKO,UTAKO,SIGNIFICANT_POINT,KENYA / NAIROBI FIR,-0.1819444444,34.5497222222,AIP,KCAA,2026-03-19,KCAA e-AIP ENR 4.4 (authenticated portal),AIP_EXTRACTED,143,15 MAY 2025
UTATA,UTATA,SIGNIFICANT_POINT,KENYA / NAIROBI FIR,-2.6858250000,37.0425055556,AIP,KCAA,2026-03-19,KCAA e-AIP ENR 4.4 (authenticated portal),AIP_EXTRACTED,143,15 MAY 2025
UTEPI,UTEPI,SIGNIFICANT_POINT,KENYA / NAIROBI FIR,-2.0361361111,37.3512777778,AIP,KCAA,2026-03-19,KCAA e-AIP ENR 4.4 (authenticated portal),AIP_EXTRACTED,143,15 MAY 2025
UTERA,UTERA,SIGNIFICANT_POINT,KENYA / NAIROBI FIR,-0.7815638889,36.3021972222,AIP,KCAA,2026-03-19,KCAA e-AIP ENR 4.4 (authenticated portal),AIP_EXTRACTED,143,15 MAY 2025
UTETU,UTETU,SIGNIFICANT_POINT,KENYA / NAIROBI FIR,-0.0894444444,34.9080555556,AIP,KCAA,2026-03-19,KCAA e-AIP ENR 4.4 (authenticated portal),AIP_EXTRACTED,143,15 MAY 2025
UTEVI,UTEVI,SIGNIFICANT_POINT,KENYA / NAIROBI FIR,-3.4300000000,40.0402777778,AIP,KCAA,2026-03-19,KCAA e-AIP ENR 4.4 (authenticated portal),AIP_EXTRACTED,143,15 MAY 2025
UTIKU,UTIKU,SIGNIFICANT_POINT,KENYA / NAIROBI FIR,-3.4931194444,38.8557555556,AIP,KCAA,2026-03-19,KCAA e-AIP ENR 4.4 (authenticated portal),AIP_EXTRACTED,143,15 MAY 2025
UTINI,UTINI,SIGNIFICANT_POINT,KENYA / NAIROBI FIR,-1.3730555556,35.3955555556,AIP,KCAA,2026-03-19,KCAA e-AIP ENR 4.4 (authenticated portal),AIP_EXTRACTED,143,15 MAY 2025
UTODA,UTODA,SIGNIFICANT_POINT,KENYA / NAIROBI FIR,-1.3977777778,35.1975000000,AIP,KCAA,2026-03-19,KCAA e-AIP ENR 4.4 (authenticated portal),AIP_EXTRACTED,143,15 MAY 2025
UTOLO,UTOLO,SIGNIFICANT_POINT,KENYA / NAIROBI FIR,-0.1022222222,34.6983333333,AIP,KCAA,2026-03-19,KCAA e-AIP ENR 4.4 (authenticated portal),AIP_EXTRACTED,144,15 MAY 2025
UTOSA,UTOSA,SIGNIFICANT_POINT,KENYA / NAIROBI FIR,0.0166666667,37.1108333333,AIP,KCAA,2026-03-19,KCAA e-AIP ENR 4.4 (authenticated portal),AIP_EXTRACTED,144,15 MAY 2025
UTOXI,UTOXI,SIGNIFICANT_POINT,KENYA / NAIROBI FIR,-2.5083333333,41.0419444444,AIP,KCAA,2026-03-19,KCAA e-AIP ENR 4.4 (authenticated portal),AIP_EXTRACTED,144,15 MAY 2025
UTUGO,UTUGO,SIGNIFICANT_POINT,KENYA / NAIROBI FIR,-3.0563888889,39.9647222222,AIP,KCAA,2026-03-19,KCAA e-AIP ENR 4.4 (authenticated portal),AIP_EXTRACTED,144,15 MAY 2025
UTUTO,UTUTO,SIGNIFICANT_POINT,KENYA / NAIROBI FIR,-0.1225638889,37.8196750000,AIP,KCAA,2026-03-19,KCAA e-AIP ENR 4.4 (authenticated portal),AIP_EXTRACTED,144,15 MAY 2025
UTVER,UTVER,SIGNIFICANT_POINT,KENYA / NAIROBI FIR,-0.0433333333,37.0530555556,AIP,KCAA,2026-03-19,KCAA e-AIP ENR 4.4 (authenticated portal),AIP_EXTRACTED,144,15 MAY 2025
UVANA,UVANA,SIGNIFICANT_POINT,KENYA / NAIROBI FIR,0.3583055556,35.4883333333,AIP,KCAA,2026-03-19,KCAA e-AIP ENR 4.4 (authenticated portal),AIP_EXTRACTED,144,15 MAY 2025
UVOPO,UVOPO,SIGNIFICANT_POINT,KENYA / NAIROBI FIR,0.6338722222,37.4162166667,AIP,KCAA,2026-03-19,KCAA e-AIP ENR 4.4 (authenticated portal),AIP_EXTRACTED,144,15 MAY 2025
UVOTO,UVOTO,SIGNIFICANT_POINT,KENYA / NAIROBI FIR,-1.3466666667,34.8194444444,AIP,KCAA,2026-03-19,KCAA e-AIP ENR 4.4 (authenticated portal),AIP_EXTRACTED,144,15 MAY 2025
UVOVA,UVOVA,SIGNIFICANT_POINT,KENYA / NAIROBI FIR,-1.7738388889,37.6421333333,AIP,KCAA,2026-03-19,KCAA e-AIP ENR 4.4 (authenticated portal),AIP_EXTRACTED,144,15 MAY 2025
UVUKO,UVUKO,SIGNIFICANT_POINT,KENYA / NAIROBI FIR,-4.7023361111,39.5009083333,AIP,KCAA,2026-03-19,KCAA e-AIP ENR 4.4 (authenticated portal),AIP_EXTRACTED,144,15 MAY 2025
WAJIR,WAJIR,SIGNIFICANT_POINT,KENYA / NAIROBI FIR,1.7468138889,40.0824250000,AIP,KCAA,2026-03-19,KCAA e-AIP ENR 4.4 (authenticated portal),AIP_EXTRACTED,144,15 MAY 2025
XABON,XABON,SIGNIFICANT_POINT,KENYA / NAIROBI FIR,-4.0790555556,44.0010444444,AIP,KCAA,2026-03-19,KCAA e-AIP ENR 4.4 (authenticated portal),AIP_EXTRACTED,144,15 MAY 2025
XABOR,XABOR,SIGNIFICANT_POINT,KENYA / NAIROBI FIR,-2.3291666667,40.9516666667,AIP,KCAA,2026-03-19,KCAA e-AIP ENR 4.4 (authenticated portal),AIP_EXTRACTED,144,15 MAY 2025
XABUL,XABUL,SIGNIFICANT_POINT,KENYA / NAIROBI FIR,-0.2766666667,34.5852777778,AIP,KCAA,2026-03-19,KCAA e-AIP ENR 4.4 (authenticated portal),AIP_EXTRACTED,144,15 MAY 2025
XADOS,XADOS,SIGNIFICANT_POINT,KENYA / NAIROBI FIR,0.1633333333,37.2897222222,AIP,KCAA,2026-03-19,KCAA e-AIP ENR 4.4 (authenticated portal),AIP_EXTRACTED,144,15 MAY 2025
XAGIT,XAGIT,SIGNIFICANT_POINT,KENYA / NAIROBI FIR,-1.4279750000,36.1308833333,AIP,KCAA,2026-03-19,KCAA e-AIP ENR 4.4 (authenticated portal),AIP_EXTRACTED,144,15 MAY 2025
XAKRI,XAKRI,SIGNIFICANT_POINT,KENYA / NAIROBI FIR,-2.2131444444,36.2140027778,AIP,KCAA,2026-03-19,KCAA e-AIP ENR 4.4 (authenticated portal),AIP_EXTRACTED,144,15 MAY 2025
XALAS,XALAS,SIGNIFICANT_POINT,KENYA / NAIROBI FIR,4.2300000000,34.2436111111,AIP,KCAA,2026-03-19,KCAA e-AIP ENR 4.4 (authenticated portal),AIP_EXTRACTED,144,15 MAY 2025
XALEK,XALEK,SIGNIFICANT_POINT,KENYA / NAIROBI FIR,-2.4525000000,40.7619444444,AIP,KCAA,2026-03-19,KCAA e-AIP ENR 4.4 (authenticated portal),AIP_EXTRACTED,144,15 MAY 2025
XALIM,XALIM,SIGNIFICANT_POINT,KENYA / NAIROBI FIR,-1.3994444444,35.0102777778,AIP,KCAA,2026-03-19,KCAA e-AIP ENR 4.4 (authenticated portal),AIP_EXTRACTED,144,15 MAY 2025
XOVAN,XOVAN,SIGNIFICANT_POINT,KENYA / NAIROBI FIR,4.1266666667,34.5863888889,AIP,KCAA,2026-03-19,KCAA e-AIP ENR 4.4 (authenticated portal),AIP_EXTRACTED,144,15 MAY 2025
XOVOS,XOVOS,SIGNIFICANT_POINT,KENYA / NAIROBI FIR,-2.9380555556,40.0427777778,AIP,KCAA,2026-03-19,KCAA e-AIP ENR 4.4 (authenticated portal),AIP_EXTRACTED,144,15 MAY 2025
